X,Y,fid,gbifID,datasetKey,occurrenceID,kingdom,phylum,class,order,family,genus,species,infraspecificEpithet,taxonRank,scientificName,verbatimScientificName,verbatimScientificNameAuthorship,countryCode,locality,stateProvince,occurrenceStatus,individualCount,publishingOrgKey,decimalLatitude,decimalLongitude,coordinateUncertaintyInMeters,coordinatePrecision,elevation,elevationAccuracy,depth,depthAccuracy,eventDate,day,month,year,taxonKey,speciesKey,basisOfRecord,institutionCode,collectionCode,catalogNumber,recordNumber,identifiedBy,dateIdentified,license,rightsHolder,recordedBy,typeStatus,establishmentMeans,lastInterpreted,mediaType,issue,field_51,field_52,field_53,icon_url
-78.584694,-0.111752,"1","979986713",4fa7b334-ce0d-4e88-aaae-2e0c138d049e,URN:catalog:CLO:EBIRD:OBS243253308,Animalia,Chordata,Aves,Charadriiformes,Scolopacidae,Bartramia,Bartramia longicauda,,SPECIES,"Bartramia longicauda (Bechstein, 1812)",Bartramia longicauda,,EC,Reserva Yanacocha,Pichincha,PRESENT,"1",e2e717bf-551a-4917-bdc9-4fa0f342c530,-0.111752,-78.584694,,,,,,,1994/09/14 00:00:00,"14","9","1994","2481705","2481705",HUMAN_OBSERVATION,CLO,EBIRD,OBS243253308,,,,CC_BY_4_0,,obsr338409,,,2023-01-10T19:52:30.493Z,,COORDINATE_ROUNDED,CONTINENT_DERIVED_FROM_COORDINATES,,,./0.png
-78.455505,-0.157467,"2","971856424",4fa7b334-ce0d-4e88-aaae-2e0c138d049e,URN:catalog:CLO:EBIRD:OBS218048896,Animalia,Chordata,Aves,Charadriiformes,Scolopacidae,Bartramia,Bartramia longicauda,,SPECIES,"Bartramia longicauda (Bechstein, 1812)",Bartramia longicauda,,EC,Calle de las Golondrinas,Pichincha,PRESENT,"1",e2e717bf-551a-4917-bdc9-4fa0f342c530,-0.157467,-78.455505,,,,,,,2009/09/21 00:00:00,"21","9","2009","2481705","2481705",HUMAN_OBSERVATION,CLO,EBIRD,OBS218048896,,,,CC_BY_4_0,,obsr194141,,,2023-01-10T19:52:55.904Z,,COORDINATE_ROUNDED,CONTINENT_DERIVED_FROM_COORDINATES,,,./0.png
-77.57867,-1.041841,"3","964977039",4fa7b334-ce0d-4e88-aaae-2e0c138d049e,URN:catalog:CLO:EBIRD:OBS210413732,Animalia,Chordata,Aves,Charadriiformes,Scolopacidae,Bartramia,Bartramia longicauda,,SPECIES,"Bartramia longicauda (Bechstein, 1812)",Bartramia longicauda,,EC,Payachicta,Napo,PRESENT,"1",e2e717bf-551a-4917-bdc9-4fa0f342c530,-1.041841,-77.57867,,,,,,,2013/09/09 00:00:00,"9","9","2013","2481705","2481705",HUMAN_OBSERVATION,CLO,EBIRD,OBS210413732,,,,CC_BY_4_0,,obsr395059,,,2023-01-10T19:51:39.610Z,,COORDINATE_ROUNDED,CONTINENT_DERIVED_FROM_COORDINATES,,,./0.png
-77.57867,-1.041841,"4","964974354",4fa7b334-ce0d-4e88-aaae-2e0c138d049e,URN:catalog:CLO:EBIRD:OBS210413158,Animalia,Chordata,Aves,Charadriiformes,Scolopacidae,Bartramia,Bartramia longicauda,,SPECIES,"Bartramia longicauda (Bechstein, 1812)",Bartramia longicauda,,EC,Payachicta,Napo,PRESENT,"1",e2e717bf-551a-4917-bdc9-4fa0f342c530,-1.041841,-77.57867,,,,,,,2013/09/09 00:00:00,"9","9","2013","2481705","2481705",HUMAN_OBSERVATION,CLO,EBIRD,OBS210413158,,,,CC_BY_4_0,,obsr426628,,,2023-01-10T20:27:06.069Z,,COORDINATE_ROUNDED,CONTINENT_DERIVED_FROM_COORDINATES,,,./0.png
-76.280334,-0.439735,"5","941451042",4fa7b334-ce0d-4e88-aaae-2e0c138d049e,URN:catalog:CLO:EBIRD:OBS183871028,Animalia,Chordata,Aves,Charadriiformes,Scolopacidae,Bartramia,Bartramia longicauda,,SPECIES,"Bartramia longicauda (Bechstein, 1812)",Bartramia longicauda,,EC,Sani Lodge,Sucumbíos,PRESENT,"1",e2e717bf-551a-4917-bdc9-4fa0f342c530,-0.439735,-76.280334,,,,,,,2007/09/07 00:00:00,"7","9","2007","2481705","2481705",HUMAN_OBSERVATION,CLO,EBIRD,OBS183871028,,,,CC_BY_4_0,,obsr395059,,,2023-01-10T19:50:57.657Z,,CONTINENT_DERIVED_FROM_COORDINATES,,,,./0.png
nan,nan,"6","858785621",96c93a1e-f762-11e1-a439-00145eb45e9a,,Animalia,Chordata,Aves,Charadriiformes,Scolopacidae,Bartramia,Bartramia longicauda,,SPECIES,"Bartramia longicauda (Bechstein, 1812)",Bartramia longicauda,,EC,Cerro Compania,Pichincha,PRESENT,"1",ccd1ddc0-6c21-11de-8224-b8a03c50a862,,,,,,,,,1923/09/24 00:00:00,"24","9","1923","2481705","2481705",PRESERVED_SPECIMEN,AMNH,Birds,Skin-179914,,,,CC0_1_0,,, Olalla & Sons,,Native,2023-01-11T11:02:18.517Z,,INSTITUTION_COLLECTION_MISMATCH,,,./0.png
-78.18661,-0.513947,"7","820783365",4fa7b334-ce0d-4e88-aaae-2e0c138d049e,URN:catalog:CLO:EBIRD:OBS172030510,Animalia,Chordata,Aves,Charadriiformes,Scolopacidae,Bartramia,Bartramia longicauda,,SPECIES,"Bartramia longicauda (Bechstein, 1812)",Bartramia longicauda,,EC,Reserva Ecológica Antisana--general area (*Please consider using a more precise hotspot or personal location when possible),Napo,PRESENT,,e2e717bf-551a-4917-bdc9-4fa0f342c530,-0.513947,-78.18661,,,,,,,2012/09/22 00:00:00,"22","9","2012","2481705","2481705",HUMAN_OBSERVATION,CLO,EBIRD,OBS172030510,,,,CC_BY_4_0,,obsr89952,,,2023-01-10T19:50:39.254Z,,COORDINATE_ROUNDED,CONTINENT_DERIVED_FROM_COORDINATES,,,./0.png
nan,nan,"8","683902616",ed3dff78-fb73-4b77-909a-b78f9ef78d34,GNM:Avex:7242,Animalia,Chordata,Aves,Charadriiformes,Scolopacidae,Bartramia,Bartramia longicauda,,SPECIES,"Bartramia longicauda (Bechstein, 1812)","Bartramia longicauda  (Bechstein, 1812)","(Bechstein, 1812)",EC,"Ecuador, La Carolina, 3 miles N om Quito, 9.400 fot ö.h.",,PRESENT,,45e5c621-df96-4ea7-bbc6-aa3e53b90bb8,,,,,,,,,1922/09/09 00:00:00,"9","9","1922","2481705","2481705",PRESERVED_SPECIMEN,GNM,AVES,Av ex 7242,,,,CC0_1_0,,Ludvig Söderström,,,2023-01-11T13:21:38.347Z,,INSTITUTION_MATCH_FUZZY,INSTITUTION_COLLECTION_MISMATCH,,,./0.png
nan,nan,"9","683902615",ed3dff78-fb73-4b77-909a-b78f9ef78d34,GNM:Avex:7241,Animalia,Chordata,Aves,Charadriiformes,Scolopacidae,Bartramia,Bartramia longicauda,,SPECIES,"Bartramia longicauda (Bechstein, 1812)","Bartramia longicauda  (Bechstein, 1812)","(Bechstein, 1812)",EC,"Ecuador, nära floden Guallabamba, 6.500 fot ö.h.",,PRESENT,,45e5c621-df96-4ea7-bbc6-aa3e53b90bb8,,,,,,,,,1922/09/13 00:00:00,"13","9","1922","2481705","2481705",PRESERVED_SPECIMEN,GNM,AVES,Av ex 7241,,,,CC0_1_0,,Ludvig Söderström,,,2023-01-11T13:21:38.349Z,,INSTITUTION_MATCH_FUZZY,INSTITUTION_COLLECTION_MISMATCH,,,./0.png
-78.116667,-2.316667,"10","668099906",36f15a36-6b45-442e-9c31-cd633423aee0,ae83a9c4-30b7-42f0-94c7-558eda48ab25,Animalia,Chordata,Aves,Charadriiformes,Scolopacidae,Bartramia,Bartramia longicauda,,SPECIES,"Bartramia longicauda (Bechstein, 1812)",Bartramia longicauda,,EC,Macas,Morona-Santiago,PRESENT,,7b8aff00-a9f8-11d8-944b-b8a03c50a862,-2.316667,-78.116667,,,1050,,,,1939/09/09 00:00:00,"9","9","1939","2481705","2481705",PRESERVED_SPECIMEN,FMNH,Birds,"414322",,,,CC0_1_0,The Field Museum of Natural History,,,,2023-01-11T04:18:06.143Z,,COORDINATE_ROUNDED,GEODETIC_DATUM_ASSUMED_WGS84,PRESUMED_NEGATED_LATITUDE,COLLECTION_MATCH_FUZZY,./0.png
-77.483333,-1.733333,"11","668095217",36f15a36-6b45-442e-9c31-cd633423aee0,432922de-107e-4bf7-9aa6-ef0c5fc784f3,Animalia,Chordata,Aves,Charadriiformes,Scolopacidae,Bartramia,Bartramia longicauda,,SPECIES,"Bartramia longicauda (Bechstein, 1812)",Bartramia longicauda,,EC,"Sarayacu, Rio Bobonaza",Pastaza,PRESENT,,7b8aff00-a9f8-11d8-944b-b8a03c50a862,-1.733333,-77.483333,,,,,,,1932/02/25 00:00:00,"25","2","1932","2481705","2481705",PRESERVED_SPECIMEN,FMNH,Birds,"409633",,,,CC0_1_0,The Field Museum of Natural History,,,,2023-01-11T04:18:03.003Z,,COORDINATE_ROUNDED,GEODETIC_DATUM_ASSUMED_WGS84,PRESUMED_NEGATED_LATITUDE,COLLECTION_MATCH_FUZZY,./0.png
-79.416667,0.466667,"12","668094769",36f15a36-6b45-442e-9c31-cd633423aee0,22f36860-e72e-4dd5-bd70-51c96a490ddd,Animalia,Chordata,Aves,Charadriiformes,Scolopacidae,Bartramia,Bartramia longicauda,,SPECIES,"Bartramia longicauda (Bechstein, 1812)",Bartramia longicauda,,EC,Rio Blanco,Esmeraldas,PRESENT,,7b8aff00-a9f8-11d8-944b-b8a03c50a862,0.466667,-79.416667,,,,,,,1931/09/14 00:00:00,"14","9","1931","2481705","2481705",PRESERVED_SPECIMEN,FMNH,Birds,"409185",,,,CC0_1_0,The Field Museum of Natural History,,,,2023-01-11T04:18:00.723Z,,COORDINATE_ROUNDED,GEODETIC_DATUM_ASSUMED_WGS84,COLLECTION_MATCH_FUZZY,,./0.png
-77.56393,-1.057694,"13","3684850622",4fa7b334-ce0d-4e88-aaae-2e0c138d049e,URN:catalog:CLO:EBIRD:OBS1230585252,Animalia,Chordata,Aves,Charadriiformes,Scolopacidae,Bartramia,Bartramia longicauda,,SPECIES,"Bartramia longicauda (Bechstein, 1812)",Bartramia longicauda,,EC,"ReservaAhuanoRuna, Napo, EC (-1,058, -77,564)",Napo,PRESENT,"1",e2e717bf-551a-4917-bdc9-4fa0f342c530,-1.057694,-77.56393,,,,,,,2021/09/04 00:00:00,"4","9","2021","2481705","2481705",HUMAN_OBSERVATION,CLO,EBIRD,OBS1230585252,,,,CC_BY_4_0,,obsr1844423,,,2023-01-10T20:40:07.593Z,,COORDINATE_ROUNDED,CONTINENT_DERIVED_FROM_COORDINATES,,,./0.png
-80.743546,-2.100853,"14","3681220932",4fa7b334-ce0d-4e88-aaae-2e0c138d049e,URN:catalog:CLO:EBIRD:OBS1106092575,Animalia,Chordata,Aves,Charadriiformes,Scolopacidae,Bartramia,Bartramia longicauda,,SPECIES,"Bartramia longicauda (Bechstein, 1812)",Bartramia longicauda,,EC,Pacoa--Salt Ponds (humedales) and vicinity,Santa Elena,PRESENT,"1",e2e717bf-551a-4917-bdc9-4fa0f342c530,-2.100853,-80.743546,,,,,,,2021/03/26 00:00:00,"26","3","2021","2481705","2481705",HUMAN_OBSERVATION,CLO,EBIRD,OBS1106092575,,,,CC_BY_4_0,,obsr680588,,,2023-01-10T20:38:00.911Z,,COORDINATE_ROUNDED,CONTINENT_DERIVED_FROM_COORDINATES,,,./0.png
-78.72995,-0.012531,"15","3679603599",4fa7b334-ce0d-4e88-aaae-2e0c138d049e,URN:catalog:CLO:EBIRD:OBS1252247544,Animalia,Chordata,Aves,Charadriiformes,Scolopacidae,Bartramia,Bartramia longicauda,,SPECIES,"Bartramia longicauda (Bechstein, 1812)",Bartramia longicauda,,EC,Reserva Las Gralarias,Pichincha,PRESENT,"1",e2e717bf-551a-4917-bdc9-4fa0f342c530,-0.012531,-78.72995,,,,,,,2021/10/07 00:00:00,"7","10","2021","2481705","2481705",HUMAN_OBSERVATION,CLO,EBIRD,OBS1252247544,,,,CC_BY_4_0,,obsr1152379,,,2023-01-10T20:39:26.886Z,,COORDINATE_ROUNDED,CONTINENT_DERIVED_FROM_COORDINATES,,,./0.png
-78.36495,-0.109842,"16","3662855290",4fa7b334-ce0d-4e88-aaae-2e0c138d049e,URN:catalog:CLO:EBIRD:OBS1241043545,Animalia,Chordata,Aves,Charadriiformes,Scolopacidae,Bartramia,Bartramia longicauda,,SPECIES,"Bartramia longicauda (Bechstein, 1812)",Bartramia longicauda,,EC,Quito airport pond,Pichincha,PRESENT,"4",e2e717bf-551a-4917-bdc9-4fa0f342c530,-0.109842,-78.36495,,,,,,,2021/09/19 00:00:00,"19","9","2021","2481705","2481705",HUMAN_OBSERVATION,CLO,EBIRD,OBS1241043545,,,,CC_BY_4_0,,obsr420292,,,2023-01-10T20:22:20.380Z,,COORDINATE_ROUNDED,CONTINENT_DERIVED_FROM_COORDINATES,,,./0.png
-78.14056,-0.484149,"17","3655845324",4fa7b334-ce0d-4e88-aaae-2e0c138d049e,URN:catalog:CLO:EBIRD:OBS1253724359,Animalia,Chordata,Aves,Charadriiformes,Scolopacidae,Bartramia,Bartramia longicauda,,SPECIES,"Bartramia longicauda (Bechstein, 1812)",Bartramia longicauda,,EC,Lago Mica,Napo,PRESENT,"1",e2e717bf-551a-4917-bdc9-4fa0f342c530,-0.484149,-78.14056,,,,,,,2021/10/09 00:00:00,"9","10","2021","2481705","2481705",HUMAN_OBSERVATION,CLO,EBIRD,OBS1253724359,,,,CC_BY_4_0,,obsr442961,,,2023-01-10T20:22:37.887Z,,COORDINATE_ROUNDED,CONTINENT_DERIVED_FROM_COORDINATES,,,./0.png
-77.56393,-1.057694,"18","3642564748",4fa7b334-ce0d-4e88-aaae-2e0c138d049e,URN:catalog:CLO:EBIRD:OBS1241055094,Animalia,Chordata,Aves,Charadriiformes,Scolopacidae,Bartramia,Bartramia longicauda,,SPECIES,"Bartramia longicauda (Bechstein, 1812)",Bartramia longicauda,,EC,"ReservaAhuanoRuna, Napo, EC (-1,058, -77,564)",Napo,PRESENT,"1",e2e717bf-551a-4917-bdc9-4fa0f342c530,-1.057694,-77.56393,,,,,,,2021/09/20 00:00:00,"20","9","2021","2481705","2481705",HUMAN_OBSERVATION,CLO,EBIRD,OBS1241055094,,,,CC_BY_4_0,,obsr1844423,,,2023-01-10T20:58:10.149Z,,COORDINATE_ROUNDED,CONTINENT_DERIVED_FROM_COORDINATES,,,./0.png
-79.1801,-4.05999,"19","3638029237",4fa7b334-ce0d-4e88-aaae-2e0c138d049e,URN:catalog:CLO:EBIRD:OBS1247679183,Animalia,Chordata,Aves,Charadriiformes,Scolopacidae,Bartramia,Bartramia longicauda,,SPECIES,"Bartramia longicauda (Bechstein, 1812)",Bartramia longicauda,,EC,"Road from Cajanuma to Vilcabamba, S of Loja",Loja,PRESENT,,e2e717bf-551a-4917-bdc9-4fa0f342c530,-4.05999,-79.1801,,,,,,,2001/09/06 00:00:00,"6","9","2001","2481705","2481705",HUMAN_OBSERVATION,CLO,EBIRD,OBS1247679183,,,,CC_BY_4_0,,obsr162737,,,2023-01-10T20:40:05.619Z,,CONTINENT_DERIVED_FROM_COORDINATES,,,,./0.png
-78.20118,-0.332601,"20","3618721570",4fa7b334-ce0d-4e88-aaae-2e0c138d049e,URN:catalog:CLO:EBIRD:OBS1235270523,Animalia,Chordata,Aves,Charadriiformes,Scolopacidae,Bartramia,Bartramia longicauda,,SPECIES,"Bartramia longicauda (Bechstein, 1812)",Bartramia longicauda,,EC,Papallacta--La Virgen y alrededores inmediatos (Pass and immediate vicinity),Napo,PRESENT,"1",e2e717bf-551a-4917-bdc9-4fa0f342c530,-0.332601,-78.20118,,,,,,,2021/09/10 00:00:00,"10","9","2021","2481705","2481705",HUMAN_OBSERVATION,CLO,EBIRD,OBS1235270523,,,,CC_BY_4_0,,obsr402670,,,2023-01-10T20:37:23.708Z,,COORDINATE_ROUNDED,CONTINENT_DERIVED_FROM_COORDINATES,,,./0.png
-78.72995,-0.012531,"21","3584067777",4fa7b334-ce0d-4e88-aaae-2e0c138d049e,URN:catalog:CLO:EBIRD:OBS1305279563,Animalia,Chordata,Aves,Charadriiformes,Scolopacidae,Bartramia,Bartramia longicauda,,SPECIES,"Bartramia longicauda (Bechstein, 1812)",Bartramia longicauda,,EC,Reserva Las Gralarias,Pichincha,PRESENT,"1",e2e717bf-551a-4917-bdc9-4fa0f342c530,-0.012531,-78.72995,,,,,,,2021/12/29 00:00:00,"29","12","2021","2481705","2481705",HUMAN_OBSERVATION,CLO,EBIRD,OBS1305279563,,,,CC_BY_4_0,,obsr2889404,,,2023-01-10T20:23:44.087Z,,COORDINATE_ROUNDED,CONTINENT_DERIVED_FROM_COORDINATES,,,./0.png
-77.56393,-1.057694,"22","3578973623",4fa7b334-ce0d-4e88-aaae-2e0c138d049e,URN:catalog:CLO:EBIRD:OBS1236960324,Animalia,Chordata,Aves,Charadriiformes,Scolopacidae,Bartramia,Bartramia longicauda,,SPECIES,"Bartramia longicauda (Bechstein, 1812)",Bartramia longicauda,,EC,"ReservaAhuanoRuna, Napo, EC (-1,058, -77,564)",Napo,PRESENT,"1",e2e717bf-551a-4917-bdc9-4fa0f342c530,-1.057694,-77.56393,,,,,,,2021/09/13 00:00:00,"13","9","2021","2481705","2481705",HUMAN_OBSERVATION,CLO,EBIRD,OBS1236960324,,,,CC_BY_4_0,,obsr1844423,,,2023-01-10T20:39:08.972Z,,COORDINATE_ROUNDED,CONTINENT_DERIVED_FROM_COORDINATES,,,./0.png
-77.724594,-0.223315,"23","3576291420",4fa7b334-ce0d-4e88-aaae-2e0c138d049e,URN:catalog:CLO:EBIRD:OBS1236283545,Animalia,Chordata,Aves,Charadriiformes,Scolopacidae,Bartramia,Bartramia longicauda,,SPECIES,"Bartramia longicauda (Bechstein, 1812)",Bartramia longicauda,,EC,Finca la Jungla,Napo,PRESENT,"1",e2e717bf-551a-4917-bdc9-4fa0f342c530,-0.223315,-77.724594,,,,,,,2021/09/04 00:00:00,"4","9","2021","2481705","2481705",HUMAN_OBSERVATION,CLO,EBIRD,OBS1236283545,,,,CC_BY_4_0,,obsr353356,,,2023-01-10T20:22:14.033Z,,COORDINATE_ROUNDED,CONTINENT_DERIVED_FROM_COORDINATES,,,./0.png
-77.56393,-1.057694,"24","3575551618",4fa7b334-ce0d-4e88-aaae-2e0c138d049e,URN:catalog:CLO:EBIRD:OBS1235283314,Animalia,Chordata,Aves,Charadriiformes,Scolopacidae,Bartramia,Bartramia longicauda,,SPECIES,"Bartramia longicauda (Bechstein, 1812)",Bartramia longicauda,,EC,"ReservaAhuanoRuna, Napo, EC (-1,058, -77,564)",Napo,PRESENT,"1",e2e717bf-551a-4917-bdc9-4fa0f342c530,-1.057694,-77.56393,,,,,,,2021/09/11 00:00:00,"11","9","2021","2481705","2481705",HUMAN_OBSERVATION,CLO,EBIRD,OBS1235283314,,,,CC_BY_4_0,,obsr1844423,,,2023-01-10T20:40:11.116Z,,COORDINATE_ROUNDED,CONTINENT_DERIVED_FROM_COORDINATES,,,./0.png
-79.1801,-4.05999,"25","3570905825",4fa7b334-ce0d-4e88-aaae-2e0c138d049e,URN:catalog:CLO:EBIRD:OBS1248267351,Animalia,Chordata,Aves,Charadriiformes,Scolopacidae,Bartramia,Bartramia longicauda,,SPECIES,"Bartramia longicauda (Bechstein, 1812)",Bartramia longicauda,,EC,"Cajanuma N.P., S of Loja",Loja,PRESENT,,e2e717bf-551a-4917-bdc9-4fa0f342c530,-4.05999,-79.1801,,,,,,,2001/09/06 00:00:00,"6","9","2001","2481705","2481705",HUMAN_OBSERVATION,CLO,EBIRD,OBS1248267351,,,,CC_BY_4_0,,obsr162737,,,2023-01-10T20:22:30.018Z,,CONTINENT_DERIVED_FROM_COORDINATES,,,,./0.png
-78.18661,-0.513947,"26","3554327729",4fa7b334-ce0d-4e88-aaae-2e0c138d049e,URN:catalog:CLO:EBIRD:OBS1216967322,Animalia,Chordata,Aves,Charadriiformes,Scolopacidae,Bartramia,Bartramia longicauda,,SPECIES,"Bartramia longicauda (Bechstein, 1812)",Bartramia longicauda,,EC,Reserva Ecológica Antisana--general area (*Please consider using a more precise hotspot or personal location when possible),Napo,PRESENT,,e2e717bf-551a-4917-bdc9-4fa0f342c530,-0.513947,-78.18661,,,,,,,2012/09/22 00:00:00,"22","9","2012","2481705","2481705",HUMAN_OBSERVATION,CLO,EBIRD,OBS1216967322,,,,CC_BY_4_0,,obsr283640,,,2023-01-10T20:21:45.892Z,,COORDINATE_ROUNDED,CONTINENT_DERIVED_FROM_COORDINATES,,,./0.png
-78.21541,-0.310559,"27","3539201419",4fa7b334-ce0d-4e88-aaae-2e0c138d049e,URN:catalog:CLO:EBIRD:OBS1262732881,Animalia,Chordata,Aves,Charadriiformes,Scolopacidae,Bartramia,Bartramia longicauda,,SPECIES,"Bartramia longicauda (Bechstein, 1812)",Bartramia longicauda,,EC,Papallacta--Camino viejo a Pifo (old road west of pass),Pichincha,PRESENT,"2",e2e717bf-551a-4917-bdc9-4fa0f342c530,-0.310559,-78.21541,,,,,,,2021/10/20 00:00:00,"20","10","2021","2481705","2481705",HUMAN_OBSERVATION,CLO,EBIRD,OBS1262732881,,,,CC_BY_4_0,,obsr235798,,,2023-01-10T20:22:49.285Z,,COORDINATE_ROUNDED,CONTINENT_DERIVED_FROM_COORDINATES,,,./0.png
-77.877,-0.589,"28","3385699312",b1047888-ae52-4179-9dd5-5448ea342a24,https://data.biodiversitydata.nl/xeno-canto/observation/XC260379,Animalia,Chordata,Aves,Charadriiformes,Scolopacidae,Bartramia,Bartramia longicauda,,SPECIES,"Bartramia longicauda (Bechstein, 1812)",Bartramia longicauda,,EC,"Napo: 'Cabañas San Isidro', 1-2 km SW Cosanga",,PRESENT,,1f00d75c-f6fc-4224-a595-975e82d7689c,-0.589,-77.877,,,,,,,,,,,"2481705","2481705",HUMAN_OBSERVATION,,Wildlife sounds,XC260379,,,,CC_BY_NC_4_0,Mitch Lysinger,Mitch Lysinger,,,2023-01-17T09:25:41Z,StillImage,Sound,CONTINENT_DERIVED_FROM_COORDINATES,,,./0.png
-78.9615,-0.437206,"29","3300814404",4fa7b334-ce0d-4e88-aaae-2e0c138d049e,URN:catalog:CLO:EBIRD:OBS991271407,Animalia,Chordata,Aves,Charadriiformes,Scolopacidae,Bartramia,Bartramia longicauda,,SPECIES,"Bartramia longicauda (Bechstein, 1812)",Bartramia longicauda,,EC,Punto Verde Ecotropical,Cotopaxi,PRESENT,"1",e2e717bf-551a-4917-bdc9-4fa0f342c530,-0.437206,-78.9615,,,,,,,2020/10/03 00:00:00,"3","10","2020","2481705","2481705",HUMAN_OBSERVATION,CLO,EBIRD,OBS991271407,,,,CC_BY_4_0,,obsr1443135,,,2023-01-10T20:35:44.249Z,,COORDINATE_ROUNDED,CONTINENT_DERIVED_FROM_COORDINATES,,,./0.png
-78.22767,0.837637,"30","3284862513",4fa7b334-ce0d-4e88-aaae-2e0c138d049e,URN:catalog:CLO:EBIRD:OBS989994590,Animalia,Chordata,Aves,Charadriiformes,Scolopacidae,Bartramia,Bartramia longicauda,,SPECIES,"Bartramia longicauda (Bechstein, 1812)",Bartramia longicauda,,EC,Chical road--Upper elevations (1700-2350m),Carchi,PRESENT,"1",e2e717bf-551a-4917-bdc9-4fa0f342c530,0.837637,-78.22767,,,,,,,2020/10/02 00:00:00,"2","10","2020","2481705","2481705",HUMAN_OBSERVATION,CLO,EBIRD,OBS989994590,,,,CC_BY_4_0,,obsr1202040,,,2023-01-10T20:35:49.097Z,,CONTINENT_DERIVED_FROM_COORDINATES,,,,./0.png
-78.22767,0.837637,"31","3269983565",4fa7b334-ce0d-4e88-aaae-2e0c138d049e,URN:catalog:CLO:EBIRD:OBS989929923,Animalia,Chordata,Aves,Charadriiformes,Scolopacidae,Bartramia,Bartramia longicauda,,SPECIES,"Bartramia longicauda (Bechstein, 1812)",Bartramia longicauda,,EC,Chical road--Upper elevations (1700-2350m),Carchi,PRESENT,"1",e2e717bf-551a-4917-bdc9-4fa0f342c530,0.837637,-78.22767,,,,,,,2020/10/02 00:00:00,"2","10","2020","2481705","2481705",HUMAN_OBSERVATION,CLO,EBIRD,OBS989929923,,,,CC_BY_4_0,,obsr528710,,,2023-01-10T20:35:42.230Z,,CONTINENT_DERIVED_FROM_COORDINATES,,,,./0.png
-78.48015,-0.680038,"32","3240147754",4fa7b334-ce0d-4e88-aaae-2e0c138d049e,URN:catalog:CLO:EBIRD:OBS966119841,Animalia,Chordata,Aves,Charadriiformes,Scolopacidae,Bartramia,Bartramia longicauda,,SPECIES,"Bartramia longicauda (Bechstein, 1812)",Bartramia longicauda,,EC,PN Cotopaxi--general area,Cotopaxi,PRESENT,"2",e2e717bf-551a-4917-bdc9-4fa0f342c530,-0.680038,-78.48015,,,,,,,1995/09/01 00:00:00,"1","9","1995","2481705","2481705",HUMAN_OBSERVATION,CLO,EBIRD,OBS966119841,,,,CC_BY_4_0,,obsr971049,,,2023-01-10T20:35:26.233Z,,COORDINATE_ROUNDED,CONTINENT_DERIVED_FROM_COORDINATES,,,./0.png
-78.18661,-0.513947,"33","3210037572",4fa7b334-ce0d-4e88-aaae-2e0c138d049e,URN:catalog:CLO:EBIRD:OBS1077178080,Animalia,Chordata,Aves,Charadriiformes,Scolopacidae,Bartramia,Bartramia longicauda,,SPECIES,"Bartramia longicauda (Bechstein, 1812)",Bartramia longicauda,,EC,Reserva Ecológica Antisana--general area (*Please consider using a more precise hotspot or personal location when possible),Napo,PRESENT,"1",e2e717bf-551a-4917-bdc9-4fa0f342c530,-0.513947,-78.18661,,,,,,,2007/09/04 00:00:00,"4","9","2007","2481705","2481705",HUMAN_OBSERVATION,CLO,EBIRD,OBS1077178080,,,,CC_BY_4_0,,obsr206371,,,2023-01-10T20:35:56.040Z,,COORDINATE_ROUNDED,CONTINENT_DERIVED_FROM_COORDINATES,,,./0.png
-78.426834,-0.193,"34","3202787482",4fa7b334-ce0d-4e88-aaae-2e0c138d049e,URN:catalog:CLO:EBIRD:OBS990752821,Animalia,Chordata,Aves,Charadriiformes,Scolopacidae,Bartramia,Bartramia longicauda,,SPECIES,"Bartramia longicauda (Bechstein, 1812)",Bartramia longicauda,,EC,Quito--Reservorio de Cumbayá,Pichincha,PRESENT,"2",e2e717bf-551a-4917-bdc9-4fa0f342c530,-0.193,-78.426834,,,,,,,2020/09/30 00:00:00,"30","9","2020","2481705","2481705",HUMAN_OBSERVATION,CLO,EBIRD,OBS990752821,,,,CC_BY_4_0,,obsr216427,,,2023-01-10T20:15:29.363Z,,CONTINENT_DERIVED_FROM_COORDINATES,,,,./0.png
-76.280334,-0.439735,"35","3191686265",4fa7b334-ce0d-4e88-aaae-2e0c138d049e,URN:catalog:CLO:EBIRD:OBS1000336233,Animalia,Chordata,Aves,Charadriiformes,Scolopacidae,Bartramia,Bartramia longicauda,,SPECIES,"Bartramia longicauda (Bechstein, 1812)",Bartramia longicauda,,EC,Sani Lodge,Sucumbíos,PRESENT,"1",e2e717bf-551a-4917-bdc9-4fa0f342c530,-0.439735,-76.280334,,,,,,,2015/11/15 00:00:00,"15","11","2015","2481705","2481705",HUMAN_OBSERVATION,CLO,EBIRD,OBS1000336233,,,,CC_BY_4_0,,obsr510665,,,2023-01-10T20:56:37.802Z,,CONTINENT_DERIVED_FROM_COORDINATES,,,,./0.png
-78.426834,-0.193,"36","3186285573",4fa7b334-ce0d-4e88-aaae-2e0c138d049e,URN:catalog:CLO:EBIRD:OBS989287498,Animalia,Chordata,Aves,Charadriiformes,Scolopacidae,Bartramia,Bartramia longicauda,,SPECIES,"Bartramia longicauda (Bechstein, 1812)",Bartramia longicauda,,EC,Quito--Reservorio de Cumbayá,Pichincha,PRESENT,"2",e2e717bf-551a-4917-bdc9-4fa0f342c530,-0.193,-78.426834,,,,,,,2020/09/30 00:00:00,"30","9","2020","2481705","2481705",HUMAN_OBSERVATION,CLO,EBIRD,OBS989287498,,,,CC_BY_4_0,,obsr420292,,,2023-01-10T20:15:27.177Z,,CONTINENT_DERIVED_FROM_COORDINATES,,,,./0.png
-78.426834,-0.193,"37","3186155681",4fa7b334-ce0d-4e88-aaae-2e0c138d049e,URN:catalog:CLO:EBIRD:OBS989308037,Animalia,Chordata,Aves,Charadriiformes,Scolopacidae,Bartramia,Bartramia longicauda,,SPECIES,"Bartramia longicauda (Bechstein, 1812)",Bartramia longicauda,,EC,Quito--Reservorio de Cumbayá,Pichincha,PRESENT,"2",e2e717bf-551a-4917-bdc9-4fa0f342c530,-0.193,-78.426834,,,,,,,2020/09/30 00:00:00,"30","9","2020","2481705","2481705",HUMAN_OBSERVATION,CLO,EBIRD,OBS989308037,,,,CC_BY_4_0,,obsr624236,,,2023-01-10T20:15:27.178Z,,CONTINENT_DERIVED_FROM_COORDINATES,,,,./0.png
-78.201463,-0.388323,"38","2981029634",50c9509d-22c7-4a22-a47d-8c48425ef4a7,https://www.inaturalist.org/observations/63832283,Animalia,Chordata,Aves,Charadriiformes,Scolopacidae,Bartramia,Bartramia longicauda,,SPECIES,"Bartramia longicauda (Bechstein, 1812)",Bartramia longicauda,,EC,,Napo,PRESENT,,28eb1a3f-1c15-4a95-931a-4af90ecb574d,-0.388323,-78.201463,,,,,,,2020/10/29 14:30:00,"29","10","2020","2481705","2481705",HUMAN_OBSERVATION,iNaturalist,Observations,"63832283",,Luke,2020/10/30 19:10:34,CC_BY_NC_4_0,Luis Yupa,Luis Yupa,,,2023-01-15T12:31:15.165Z,StillImage,COORDINATE_ROUNDED,CONTINENT_DERIVED_FROM_COORDINATES,,,./0.png
-78.230501,0.853754,"39","2883097370",50c9509d-22c7-4a22-a47d-8c48425ef4a7,https://www.inaturalist.org/observations/61856590,Animalia,Chordata,Aves,Charadriiformes,Scolopacidae,Bartramia,Bartramia longicauda,,SPECIES,"Bartramia longicauda (Bechstein, 1812)",Bartramia longicauda,,EC,,Carchi,PRESENT,,28eb1a3f-1c15-4a95-931a-4af90ecb574d,0.853754,-78.230501,1502,,,,,,2020/10/02 08:06:04,"2","10","2020","2481705","2481705",HUMAN_OBSERVATION,iNaturalist,Observations,"61856590",,Nelson Apolo,2020/10/06 12:48:33,CC_BY_NC_4_0,Nelson Apolo,Nelson Apolo,,,2023-01-15T12:30:47.045Z,StillImage,COORDINATE_ROUNDED,CONTINENT_DERIVED_FROM_COORDINATES,,,./0.png
-78.365107,0.497307,"40","2873951378",50c9509d-22c7-4a22-a47d-8c48425ef4a7,https://www.inaturalist.org/observations/46621739,Animalia,Chordata,Aves,Charadriiformes,Scolopacidae,Bartramia,Bartramia longicauda,,SPECIES,"Bartramia longicauda (Bechstein, 1812)",Bartramia longicauda,,EC,,Imbabura,PRESENT,,28eb1a3f-1c15-4a95-931a-4af90ecb574d,0.497307,-78.365107,2365,,,,,,2016/09/23 17:00:00,"23","9","2016","2481705","2481705",HUMAN_OBSERVATION,iNaturalist,Observations,"46621739",,Eduardo Obando,2020/05/20 17:22:17,CC_BY_NC_4_0,Eduardo Obando,Eduardo Obando,,,2023-01-15T12:30:09.973Z,StillImage,COORDINATE_ROUNDED,CONTINENT_DERIVED_FROM_COORDINATES,,,./0.png
-79.111565,-4.374796,"41","2802077852",4fa7b334-ce0d-4e88-aaae-2e0c138d049e,URN:catalog:CLO:EBIRD:OBS907443594,Animalia,Chordata,Aves,Charadriiformes,Scolopacidae,Bartramia,Bartramia longicauda,,SPECIES,"Bartramia longicauda (Bechstein, 1812)",Bartramia longicauda,,EC,Cerro Toledo,Loja,PRESENT,"1",e2e717bf-551a-4917-bdc9-4fa0f342c530,-4.374796,-79.111565,,,,,,,2017/08/31 00:00:00,"31","8","2017","2481705","2481705",HUMAN_OBSERVATION,CLO,EBIRD,OBS907443594,,,,CC_BY_4_0,,obsr823771,,,2023-01-10T20:34:52.012Z,,CONTINENT_DERIVED_FROM_COORDINATES,,,,./0.png
-78.69729,0.00859,"42","2801530159",4fa7b334-ce0d-4e88-aaae-2e0c138d049e,URN:catalog:CLO:EBIRD:OBS816226700,Animalia,Chordata,Aves,Charadriiformes,Scolopacidae,Bartramia,Bartramia longicauda,,SPECIES,"Bartramia longicauda (Bechstein, 1812)",Bartramia longicauda,,EC,La Armenia-Bellavista Road (alternate road to Bellavista),Pichincha,PRESENT,"1",e2e717bf-551a-4917-bdc9-4fa0f342c530,0.00859,-78.69729,,,,,,,2019/09/29 00:00:00,"29","9","2019","2481705","2481705",HUMAN_OBSERVATION,CLO,EBIRD,OBS816226700,,,,CC_BY_4_0,,obsr655534,,,2023-01-10T20:40:46.343Z,,CONTINENT_DERIVED_FROM_COORDINATES,,,,./0.png
-78.4247,-1.3956,"43","2800223467",4fa7b334-ce0d-4e88-aaae-2e0c138d049e,URN:catalog:CLO:EBIRD:OBS870773018,Animalia,Chordata,Aves,Charadriiformes,Scolopacidae,Bartramia,Bartramia longicauda,,SPECIES,"Bartramia longicauda (Bechstein, 1812)",Bartramia longicauda,,EC,Baños de Agua Santa,Tungurahua,PRESENT,,e2e717bf-551a-4917-bdc9-4fa0f342c530,-1.3956,-78.4247,,,,,,,2016/10/12 00:00:00,"12","10","2016","2481705","2481705",HUMAN_OBSERVATION,CLO,EBIRD,OBS870773018,,,,CC_BY_4_0,,obsr650068,,,2023-01-10T20:11:47.878Z,,CONTINENT_DERIVED_FROM_COORDINATES,,,,./0.png
-80.94171,-2.246064,"44","2799593380",4fa7b334-ce0d-4e88-aaae-2e0c138d049e,URN:catalog:CLO:EBIRD:OBS860075437,Animalia,Chordata,Aves,Charadriiformes,Scolopacidae,Bartramia,Bartramia longicauda,,SPECIES,"Bartramia longicauda (Bechstein, 1812)",Bartramia longicauda,,EC,Salinas--Lagunas de Ecuasal,Santa Elena,PRESENT,"1",e2e717bf-551a-4917-bdc9-4fa0f342c530,-2.246064,-80.94171,,,,,,,1997/04/14 00:00:00,"14","4","1997","2481705","2481705",HUMAN_OBSERVATION,CLO,EBIRD,OBS860075437,,,,CC_BY_4_0,,obsr400621,,,2023-01-10T20:11:23.282Z,,COORDINATE_ROUNDED,CONTINENT_DERIVED_FROM_COORDINATES,,,./0.png
-78.31576,-0.467084,"45","2793290670",4fa7b334-ce0d-4e88-aaae-2e0c138d049e,URN:catalog:CLO:EBIRD:OBS801940776,Animalia,Chordata,Aves,Charadriiformes,Scolopacidae,Bartramia,Bartramia longicauda,,SPECIES,"Bartramia longicauda (Bechstein, 1812)",Bartramia longicauda,,EC,"Reserva Antisana, provincia de Pichincha (flujo de lava, mirador del cóndor, etc.)",Pichincha,PRESENT,"1",e2e717bf-551a-4917-bdc9-4fa0f342c530,-0.467084,-78.31576,,,,,,,2019/09/04 00:00:00,"4","9","2019","2481705","2481705",HUMAN_OBSERVATION,CLO,EBIRD,OBS801940776,,,,CC_BY_4_0,,obsr826886,,,2023-01-10T20:33:09.508Z,,COORDINATE_ROUNDED,CONTINENT_DERIVED_FROM_COORDINATES,,,./0.png
-77.89182,-0.597864,"46","2787976104",4fa7b334-ce0d-4e88-aaae-2e0c138d049e,URN:catalog:CLO:EBIRD:OBS869790471,Animalia,Chordata,Aves,Charadriiformes,Scolopacidae,Bartramia,Bartramia longicauda,,SPECIES,"Bartramia longicauda (Bechstein, 1812)",Bartramia longicauda,,EC,Yanayacu Biological Station,Napo,PRESENT,,e2e717bf-551a-4917-bdc9-4fa0f342c530,-0.597864,-77.89182,,,,,,,2008/09/21 00:00:00,"21","9","2008","2481705","2481705",HUMAN_OBSERVATION,CLO,EBIRD,OBS869790471,,,,CC_BY_4_0,,obsr1314091,,,2023-01-10T20:11:44.411Z,,COORDINATE_ROUNDED,CONTINENT_DERIVED_FROM_COORDINATES,,,./0.png
-78.72075,-0.006943,"47","2786425666",4fa7b334-ce0d-4e88-aaae-2e0c138d049e,URN:catalog:CLO:EBIRD:OBS811706156,Animalia,Chordata,Aves,Charadriiformes,Scolopacidae,Bartramia,Bartramia longicauda,,SPECIES,"Bartramia longicauda (Bechstein, 1812)",Bartramia longicauda,,EC,Balcón Tumpiki,Pichincha,PRESENT,"1",e2e717bf-551a-4917-bdc9-4fa0f342c530,-0.006943,-78.72075,,,,,,,2019/09/18 00:00:00,"18","9","2019","2481705","2481705",HUMAN_OBSERVATION,CLO,EBIRD,OBS811706156,,,,CC_BY_4_0,,obsr395059,,,2023-01-10T20:09:47.622Z,,CONTINENT_DERIVED_FROM_COORDINATES,,,,./0.png
-78.98913,-2.912182,"48","2776887537",4fa7b334-ce0d-4e88-aaae-2e0c138d049e,URN:catalog:CLO:EBIRD:OBS817980659,Animalia,Chordata,Aves,Charadriiformes,Scolopacidae,Bartramia,Bartramia longicauda,,SPECIES,"Bartramia longicauda (Bechstein, 1812)",Bartramia longicauda,,EC,Cuenca--Parque El Paraiso,Azuay,PRESENT,"1",e2e717bf-551a-4917-bdc9-4fa0f342c530,-2.912182,-78.98913,,,,,,,2019/10/16 00:00:00,"16","10","2019","2481705","2481705",HUMAN_OBSERVATION,CLO,EBIRD,OBS817980659,,,,CC_BY_4_0,,obsr1173946,,,2023-01-10T20:18:42.352Z,,CONTINENT_DERIVED_FROM_COORDINATES,,,,./0.png
-79.7793,-2.2222,"49","2773884161",4fa7b334-ce0d-4e88-aaae-2e0c138d049e,URN:catalog:CLO:EBIRD:OBS870678159,Animalia,Chordata,Aves,Charadriiformes,Scolopacidae,Bartramia,Bartramia longicauda,,SPECIES,"Bartramia longicauda (Bechstein, 1812)",Bartramia longicauda,,EC,Duran,Guayas,PRESENT,,e2e717bf-551a-4917-bdc9-4fa0f342c530,-2.2222,-79.7793,,,,,,,2011/04/04 00:00:00,"4","4","2011","2481705","2481705",HUMAN_OBSERVATION,CLO,EBIRD,OBS870678159,,,,CC_BY_4_0,,obsr162833,,,2023-01-10T20:34:06.507Z,,CONTINENT_DERIVED_FROM_COORDINATES,,,,./0.png
-78.46959,-0.17179,"50","2766539469",4fa7b334-ce0d-4e88-aaae-2e0c138d049e,URN:catalog:CLO:EBIRD:OBS810705757,Animalia,Chordata,Aves,Charadriiformes,Scolopacidae,Bartramia,Bartramia longicauda,,SPECIES,"Bartramia longicauda (Bechstein, 1812)",Bartramia longicauda,,EC,"Jardines del Batan, Quito",Pichincha,PRESENT,"1",e2e717bf-551a-4917-bdc9-4fa0f342c530,-0.17179,-78.46959,,,,,,,2019/09/28 00:00:00,"28","9","2019","2481705","2481705",HUMAN_OBSERVATION,CLO,EBIRD,OBS810705757,,,,CC_BY_4_0,,obsr162833,,,2023-01-10T20:33:15.920Z,,COORDINATE_ROUNDED,CONTINENT_DERIVED_FROM_COORDINATES,,,./0.png
-78.48579,-0.186515,"51","2764725905",4fa7b334-ce0d-4e88-aaae-2e0c138d049e,URN:catalog:CLO:EBIRD:OBS810096681,Animalia,Chordata,Aves,Charadriiformes,Scolopacidae,Bartramia,Bartramia longicauda,,SPECIES,"Bartramia longicauda (Bechstein, 1812)",Bartramia longicauda,,EC,"Quito--Parque La Carolina, Jardin Botanico",Pichincha,PRESENT,"1",e2e717bf-551a-4917-bdc9-4fa0f342c530,-0.186515,-78.48579,,,,,,,2019/09/27 00:00:00,"27","9","2019","2481705","2481705",HUMAN_OBSERVATION,CLO,EBIRD,OBS810096681,,,,CC_BY_4_0,,obsr162833,,,2023-01-10T20:09:45.219Z,,COORDINATE_ROUNDED,CONTINENT_DERIVED_FROM_COORDINATES,,,./0.png
-79.17375,-4.116708,"52","275327159",4fa7b334-ce0d-4e88-aaae-2e0c138d049e,URN:catalog:CLO:EBIRD:OBS76616248,Animalia,Chordata,Aves,Charadriiformes,Scolopacidae,Bartramia,Bartramia longicauda,,SPECIES,"Bartramia longicauda (Bechstein, 1812)",Bartramia longicauda,,EC,PN Podocarpus--Cajanuma,Loja,PRESENT,"1",e2e717bf-551a-4917-bdc9-4fa0f342c530,-4.116708,-79.17375,,,,,,,2009/09/24 00:00:00,"24","9","2009","2481705","2481705",HUMAN_OBSERVATION,CLO,EBIRD,OBS76616248,,,,CC_BY_4_0,,obsr57317,,,2023-01-10T20:29:26.148Z,,CONTINENT_DERIVED_FROM_COORDINATES,,,,./0.png
-78.681206,-0.015922,"53","274540808",4fa7b334-ce0d-4e88-aaae-2e0c138d049e,URN:catalog:CLO:EBIRD:OBS79600908,Animalia,Chordata,Aves,Charadriiformes,Scolopacidae,Bartramia,Bartramia longicauda,,SPECIES,"Bartramia longicauda (Bechstein, 1812)",Bartramia longicauda,,EC,Bellavista Cloud Forest Lodge,Pichincha,PRESENT,"3",e2e717bf-551a-4917-bdc9-4fa0f342c530,-0.015922,-78.681206,,,,,,,2006/09/03 00:00:00,"3","9","2006","2481705","2481705",HUMAN_OBSERVATION,CLO,EBIRD,OBS79600908,,,,CC_BY_4_0,,obsr159825,,,2023-01-10T19:49:22.810Z,,CONTINENT_DERIVED_FROM_COORDINATES,,,,./0.png
-78.70338,-0.037009,"54","2718182987",4fa7b334-ce0d-4e88-aaae-2e0c138d049e,URN:catalog:CLO:EBIRD:OBS865438375,Animalia,Chordata,Aves,Charadriiformes,Scolopacidae,Bartramia,Bartramia longicauda,,SPECIES,"Bartramia longicauda (Bechstein, 1812)",Bartramia longicauda,,EC,Road to Bellavista,Pichincha,PRESENT,"1",e2e717bf-551a-4917-bdc9-4fa0f342c530,-0.037009,-78.70338,,,,,,,2014/09/25 00:00:00,"25","9","2014","2481705","2481705",HUMAN_OBSERVATION,CLO,EBIRD,OBS865438375,,,,CC_BY_4_0,,obsr1398532,,,2023-01-10T20:11:34.453Z,,COORDINATE_ROUNDED,CONTINENT_DERIVED_FROM_COORDINATES,,,./0.png
-76.45919,-0.471066,"55","2718116875",4fa7b334-ce0d-4e88-aaae-2e0c138d049e,URN:catalog:CLO:EBIRD:OBS897781362,Animalia,Chordata,Aves,Charadriiformes,Scolopacidae,Bartramia,Bartramia longicauda,,SPECIES,"Bartramia longicauda (Bechstein, 1812)",Bartramia longicauda,,EC,Sacha Lodge,Sucumbíos,PRESENT,,e2e717bf-551a-4917-bdc9-4fa0f342c530,-0.471066,-76.45919,,,,,,,2003/10/30 00:00:00,"30","10","2003","2481705","2481705",HUMAN_OBSERVATION,CLO,EBIRD,OBS897781362,,,,CC_BY_4_0,,obsr197034,,,2023-01-10T20:12:35.378Z,,COORDINATE_ROUNDED,CONTINENT_DERIVED_FROM_COORDINATES,,,./0.png
-78.31576,-0.467084,"56","2698498654",4fa7b334-ce0d-4e88-aaae-2e0c138d049e,URN:catalog:CLO:EBIRD:OBS811786167,Animalia,Chordata,Aves,Charadriiformes,Scolopacidae,Bartramia,Bartramia longicauda,,SPECIES,"Bartramia longicauda (Bechstein, 1812)",Bartramia longicauda,,EC,"Reserva Antisana, provincia de Pichincha (flujo de lava, mirador del cóndor, etc.)",Pichincha,PRESENT,"1",e2e717bf-551a-4917-bdc9-4fa0f342c530,-0.467084,-78.31576,,,,,,,2019/09/04 00:00:00,"4","9","2019","2481705","2481705",HUMAN_OBSERVATION,CLO,EBIRD,OBS811786167,,,,CC_BY_4_0,,obsr551394,,,2023-01-10T20:34:15.191Z,,COORDINATE_ROUNDED,CONTINENT_DERIVED_FROM_COORDINATES,,,./0.png
-78.600134,0.116248,"57","2620026802",50c9509d-22c7-4a22-a47d-8c48425ef4a7,https://www.inaturalist.org/observations/45074948,Animalia,Chordata,Aves,Charadriiformes,Scolopacidae,Bartramia,Bartramia longicauda,,SPECIES,"Bartramia longicauda (Bechstein, 1812)",Bartramia longicauda,,EC,,Pichincha,PRESENT,,28eb1a3f-1c15-4a95-931a-4af90ecb574d,0.116248,-78.600134,450,,,,,,2014/10/07 06:30:00,"7","10","2014","2481705","2481705",HUMAN_OBSERVATION,iNaturalist,Observations,"45074948",,Holger Beck,2020/05/06 15:11:35,CC_BY_NC_4_0,Holger Beck,Holger Beck,,,2023-01-15T12:35:47.646Z,StillImage,CONTINENT_DERIVED_FROM_COORDINATES,,,,./0.png
-79.881203,-2.160266,"58","2611116005",50c9509d-22c7-4a22-a47d-8c48425ef4a7,https://www.inaturalist.org/observations/44180823,Animalia,Chordata,Aves,Charadriiformes,Scolopacidae,Bartramia,Bartramia longicauda,,SPECIES,"Bartramia longicauda (Bechstein, 1812)",Bartramia longicauda,,EC,,Guayas,PRESENT,,28eb1a3f-1c15-4a95-931a-4af90ecb574d,-2.160266,-79.881203,1484,,,,,,2020/04/28 16:06:00,"28","4","2020","2481705","2481705",HUMAN_OBSERVATION,iNaturalist,Observations,"44180823",,Nancy Hilgert,2020/04/28 21:45:30,CC_BY_NC_4_0,Nancy Hilgert,Nancy Hilgert,,,2023-01-15T12:36:51.492Z,StillImage,COORDINATE_ROUNDED,CONTINENT_DERIVED_FROM_COORDINATES,,,./0.png
-78.988,-2.910676,"59","2444975681",50c9509d-22c7-4a22-a47d-8c48425ef4a7,https://www.inaturalist.org/observations/34587680,Animalia,Chordata,Aves,Charadriiformes,Scolopacidae,Bartramia,Bartramia longicauda,,SPECIES,"Bartramia longicauda (Bechstein, 1812)",Bartramia longicauda,,EC,,Azuay,PRESENT,,28eb1a3f-1c15-4a95-931a-4af90ecb574d,-2.910676,-78.988,263,,,,,,2019/10/14 13:45:14,"14","10","2019","2481705","2481705",HUMAN_OBSERVATION,iNaturalist,Observations,"34587680",,rick-uhlen,2019/10/19 16:41:31,CC_BY_NC_4_0,rick-uhlen,rick-uhlen,,,2023-01-15T12:35:21.592Z,StillImage,COORDINATE_ROUNDED,CONTINENT_DERIVED_FROM_COORDINATES,,,./0.png
-78.45883,-0.256512,"60","2214653949",4fa7b334-ce0d-4e88-aaae-2e0c138d049e,URN:catalog:CLO:EBIRD:OBS667457304,Animalia,Chordata,Aves,Charadriiformes,Scolopacidae,Bartramia,Bartramia longicauda,,SPECIES,"Bartramia longicauda (Bechstein, 1812)",Bartramia longicauda,,EC,"Armenia-Lumbisi Road, Quito, Pichincha, (-0.257, -78.459)",Pichincha,PRESENT,"1",e2e717bf-551a-4917-bdc9-4fa0f342c530,-0.256512,-78.45883,,,,,,,2018/09/30 00:00:00,"30","9","2018","2481705","2481705",HUMAN_OBSERVATION,CLO,EBIRD,OBS667457304,,,,CC_BY_4_0,,obsr774667,,,2023-01-10T20:31:44.527Z,,COORDINATE_ROUNDED,CONTINENT_DERIVED_FROM_COORDINATES,,,./0.png
-77.60137,-0.674695,"61","2212819372",4fa7b334-ce0d-4e88-aaae-2e0c138d049e,URN:catalog:CLO:EBIRD:OBS672768720,Animalia,Chordata,Aves,Charadriiformes,Scolopacidae,Bartramia,Bartramia longicauda,,SPECIES,"Bartramia longicauda (Bechstein, 1812)",Bartramia longicauda,,EC,WildSumaco Lodge,Napo,PRESENT,"1",e2e717bf-551a-4917-bdc9-4fa0f342c530,-0.674695,-77.60137,,,,,,,2018/09/27 00:00:00,"27","9","2018","2481705","2481705",HUMAN_OBSERVATION,CLO,EBIRD,OBS672768720,,,,CC_BY_4_0,,obsr436882,,,2023-01-10T20:56:24.676Z,,COORDINATE_ROUNDED,CONTINENT_DERIVED_FROM_COORDINATES,,,./0.png
-78.21924,-0.4968,"62","2210204828",4fa7b334-ce0d-4e88-aaae-2e0c138d049e,URN:catalog:CLO:EBIRD:OBS657146847,Animalia,Chordata,Aves,Charadriiformes,Scolopacidae,Bartramia,Bartramia longicauda,,SPECIES,"Bartramia longicauda (Bechstein, 1812)",Bartramia longicauda,,EC,"Reserva Antisana, provincia de Napo (Pampa de la ovejería, Laguna la Mica, etc.)",Napo,PRESENT,"1",e2e717bf-551a-4917-bdc9-4fa0f342c530,-0.4968,-78.21924,,,,,,,2018/09/14 00:00:00,"14","9","2018","2481705","2481705",HUMAN_OBSERVATION,CLO,EBIRD,OBS657146847,,,,CC_BY_4_0,,obsr162833,,,2023-01-10T20:04:59.197Z,,CONTINENT_DERIVED_FROM_COORDINATES,,,,./0.png
-79.17375,-4.116708,"63","2209708171",4fa7b334-ce0d-4e88-aaae-2e0c138d049e,URN:catalog:CLO:EBIRD:OBS656547046,Animalia,Chordata,Aves,Charadriiformes,Scolopacidae,Bartramia,Bartramia longicauda,,SPECIES,"Bartramia longicauda (Bechstein, 1812)",Bartramia longicauda,,EC,PN Podocarpus--Cajanuma,Loja,PRESENT,"1",e2e717bf-551a-4917-bdc9-4fa0f342c530,-4.116708,-79.17375,,,,,,,2017/09/14 00:00:00,"14","9","2017","2481705","2481705",HUMAN_OBSERVATION,CLO,EBIRD,OBS656547046,,,,CC_BY_4_0,,obsr563815,,,2023-01-10T20:04:51.164Z,,CONTINENT_DERIVED_FROM_COORDINATES,,,,./0.png
-78.18381,-0.46306,"64","2209031910",4fa7b334-ce0d-4e88-aaae-2e0c138d049e,URN:catalog:CLO:EBIRD:OBS665773678,Animalia,Chordata,Aves,Charadriiformes,Scolopacidae,Bartramia,Bartramia longicauda,,SPECIES,"Bartramia longicauda (Bechstein, 1812)",Bartramia longicauda,,EC,Reserva Antisanilla--Laguna de Santa Lucía,Napo,PRESENT,"1",e2e717bf-551a-4917-bdc9-4fa0f342c530,-0.46306,-78.18381,,,,,,,2007/09/04 00:00:00,"4","9","2007","2481705","2481705",HUMAN_OBSERVATION,CLO,EBIRD,OBS665773678,,,,CC_BY_4_0,,obsr742011,,,2023-01-10T20:05:23.103Z,,CONTINENT_DERIVED_FROM_COORDINATES,,,,./0.png
-78.47438,-0.613108,"65","2190286568",4fa7b334-ce0d-4e88-aaae-2e0c138d049e,URN:catalog:CLO:EBIRD:OBS661942965,Animalia,Chordata,Aves,Charadriiformes,Scolopacidae,Bartramia,Bartramia longicauda,,SPECIES,"Bartramia longicauda (Bechstein, 1812)",Bartramia longicauda,,EC,PN Cotopaxi--Laguna Limpiopungo y alrededores,Pichincha,PRESENT,"1",e2e717bf-551a-4917-bdc9-4fa0f342c530,-0.613108,-78.47438,,,,,,,2018/09/02 00:00:00,"2","9","2018","2481705","2481705",HUMAN_OBSERVATION,CLO,EBIRD,OBS661942965,,,,CC_BY_4_0,,obsr774667,,,2023-01-10T20:04:59.643Z,,COORDINATE_ROUNDED,CONTINENT_DERIVED_FROM_COORDINATES,,,./0.png
-78.21541,-0.310559,"66","2186880804",4fa7b334-ce0d-4e88-aaae-2e0c138d049e,URN:catalog:CLO:EBIRD:OBS659144076,Animalia,Chordata,Aves,Charadriiformes,Scolopacidae,Bartramia,Bartramia longicauda,,SPECIES,"Bartramia longicauda (Bechstein, 1812)",Bartramia longicauda,,EC,Papallacta--Camino viejo a Pifo (old road west of pass),Pichincha,PRESENT,"1",e2e717bf-551a-4917-bdc9-4fa0f342c530,-0.310559,-78.21541,,,,,,,2018/09/20 00:00:00,"20","9","2018","2481705","2481705",HUMAN_OBSERVATION,CLO,EBIRD,OBS659144076,,,,CC_BY_4_0,,obsr919817,,,2023-01-10T20:05:05.396Z,,COORDINATE_ROUNDED,CONTINENT_DERIVED_FROM_COORDINATES,,,./0.png
-78.18661,-0.513947,"67","2150812446",4fa7b334-ce0d-4e88-aaae-2e0c138d049e,URN:catalog:CLO:EBIRD:OBS600379641,Animalia,Chordata,Aves,Charadriiformes,Scolopacidae,Bartramia,Bartramia longicauda,,SPECIES,"Bartramia longicauda (Bechstein, 1812)",Bartramia longicauda,,EC,Reserva Ecológica Antisana--general area (*Please consider using a more precise hotspot or personal location when possible),Napo,PRESENT,,e2e717bf-551a-4917-bdc9-4fa0f342c530,-0.513947,-78.18661,,,,,,,2012/09/22 00:00:00,"22","9","2012","2481705","2481705",HUMAN_OBSERVATION,CLO,EBIRD,OBS600379641,,,,CC_BY_4_0,,obsr319327,,,2023-01-10T20:02:54.852Z,,COORDINATE_ROUNDED,CONTINENT_DERIVED_FROM_COORDINATES,,,./0.png
-76.33765,-0.490345,"68","2129417866",4fa7b334-ce0d-4e88-aaae-2e0c138d049e,URN:catalog:CLO:EBIRD:OBS577082865,Animalia,Chordata,Aves,Charadriiformes,Scolopacidae,Bartramia,Bartramia longicauda,,SPECIES,"Bartramia longicauda (Bechstein, 1812)",Bartramia longicauda,,EC,Sani Isla--Napo river islands,Orellana,PRESENT,,e2e717bf-551a-4917-bdc9-4fa0f342c530,-0.490345,-76.33765,,,,,,,2007/09/07 00:00:00,"7","9","2007","2481705","2481705",HUMAN_OBSERVATION,CLO,EBIRD,OBS577082865,,,,CC_BY_4_0,,obsr348757,,,2023-01-10T20:02:07.482Z,,COORDINATE_ROUNDED,CONTINENT_DERIVED_FROM_COORDINATES,,,./0.png
-78.18661,-0.513947,"69","210572154",4fa7b334-ce0d-4e88-aaae-2e0c138d049e,URN:catalog:CLO:EBIRD:OBS66292377,Animalia,Chordata,Aves,Charadriiformes,Scolopacidae,Bartramia,Bartramia longicauda,,SPECIES,"Bartramia longicauda (Bechstein, 1812)",Bartramia longicauda,,EC,Reserva Ecológica Antisana--general area (*Please consider using a more precise hotspot or personal location when possible),Napo,PRESENT,"25",e2e717bf-551a-4917-bdc9-4fa0f342c530,-0.513947,-78.18661,,,,,,,2007/09/04 00:00:00,"4","9","2007","2481705","2481705",HUMAN_OBSERVATION,CLO,EBIRD,OBS66292377,,,,CC_BY_4_0,,obsr91061,,,2023-01-10T20:25:39.965Z,,COORDINATE_ROUNDED,CONTINENT_DERIVED_FROM_COORDINATES,,,./0.png
-77.60068,-0.676654,"70","2103964465",4fa7b334-ce0d-4e88-aaae-2e0c138d049e,URN:catalog:CLO:EBIRD:OBS547498088,Animalia,Chordata,Aves,Charadriiformes,Scolopacidae,Bartramia,Bartramia longicauda,,SPECIES,"Bartramia longicauda (Bechstein, 1812)",Bartramia longicauda,,EC,"Wildsumaco Lodge E20, Provincia de Napo, EC (-0,677, -77,601)",Napo,PRESENT,"1",e2e717bf-551a-4917-bdc9-4fa0f342c530,-0.676654,-77.60068,,,,,,,2017/10/09 00:00:00,"9","10","2017","2481705","2481705",HUMAN_OBSERVATION,CLO,EBIRD,OBS547498088,,,,CC_BY_4_0,,obsr959898,,,2023-01-10T20:01:08.309Z,,COORDINATE_ROUNDED,CONTINENT_DERIVED_FROM_COORDINATES,,,./0.png
-77.8786,-0.590204,"71","2100754971",4fa7b334-ce0d-4e88-aaae-2e0c138d049e,URN:catalog:CLO:EBIRD:OBS535265996,Animalia,Chordata,Aves,Charadriiformes,Scolopacidae,Bartramia,Bartramia longicauda,,SPECIES,"Bartramia longicauda (Bechstein, 1812)",Bartramia longicauda,,EC,Cabañas San Isidro,Napo,PRESENT,"2",e2e717bf-551a-4917-bdc9-4fa0f342c530,-0.590204,-77.8786,,,,,,,2017/09/23 00:00:00,"23","9","2017","2481705","2481705",HUMAN_OBSERVATION,CLO,EBIRD,OBS535265996,,,,CC_BY_4_0,,obsr470488,,,2023-01-10T20:00:49.964Z,,COORDINATE_ROUNDED,CONTINENT_DERIVED_FROM_COORDINATES,,,./0.png
-78.36495,-0.109842,"72","2099279614",4fa7b334-ce0d-4e88-aaae-2e0c138d049e,URN:catalog:CLO:EBIRD:OBS533532540,Animalia,Chordata,Aves,Charadriiformes,Scolopacidae,Bartramia,Bartramia longicauda,,SPECIES,"Bartramia longicauda (Bechstein, 1812)",Bartramia longicauda,,EC,Quito airport pond,Pichincha,PRESENT,"2",e2e717bf-551a-4917-bdc9-4fa0f342c530,-0.109842,-78.36495,,,,,,,2017/09/17 00:00:00,"17","9","2017","2481705","2481705",HUMAN_OBSERVATION,CLO,EBIRD,OBS533532540,,,,CC_BY_4_0,,obsr546560,,,2023-01-10T20:00:47.837Z,,COORDINATE_ROUNDED,CONTINENT_DERIVED_FROM_COORDINATES,,,./0.png
-76.61703,-0.395561,"73","2029228163",4fa7b334-ce0d-4e88-aaae-2e0c138d049e,URN:catalog:CLO:EBIRD:OBS687580825,Animalia,Chordata,Aves,Charadriiformes,Scolopacidae,Bartramia,Bartramia longicauda,,SPECIES,"Bartramia longicauda (Bechstein, 1812)",Bartramia longicauda,,EC,Reserva Biológica Limoncocha,Sucumbíos,PRESENT,"1",e2e717bf-551a-4917-bdc9-4fa0f342c530,-0.395561,-76.61703,,,,,,,1975/10/06 00:00:00,"6","10","1975","2481705","2481705",HUMAN_OBSERVATION,CLO,EBIRD,OBS687580825,,,,CC_BY_4_0,,obsr7046,,,2023-01-10T20:44:11.715Z,,COORDINATE_ROUNDED,CONTINENT_DERIVED_FROM_COORDINATES,,,./0.png
-78.50228,0.022492,"74","1794508308",4fa7b334-ce0d-4e88-aaae-2e0c138d049e,URN:catalog:CLO:EBIRD:OBS546448757,Animalia,Chordata,Aves,Charadriiformes,Scolopacidae,Bartramia,Bartramia longicauda,,SPECIES,"Bartramia longicauda (Bechstein, 1812)",Bartramia longicauda,,EC,"Reserva Geobotánica Pululahua (Upper part, >2000m)",Pichincha,PRESENT,"1",e2e717bf-551a-4917-bdc9-4fa0f342c530,0.022492,-78.50228,,,,,,,2012/09/13 00:00:00,"13","9","2012","2481705","2481705",HUMAN_OBSERVATION,CLO,EBIRD,OBS546448757,,,,CC_BY_4_0,,obsr224391,,,2023-01-10T20:30:09.517Z,,CONTINENT_DERIVED_FROM_COORDINATES,,,,./0.png
-80.83918,-1.61443,"75","1791527041",4fa7b334-ce0d-4e88-aaae-2e0c138d049e,URN:catalog:CLO:EBIRD:OBS524269439,Animalia,Chordata,Aves,Charadriiformes,Scolopacidae,Bartramia,Bartramia longicauda,,SPECIES,"Bartramia longicauda (Bechstein, 1812)",Bartramia longicauda,,EC,Reserva Esmeralda (Fundacion Jocotoco),Manabí,PRESENT,"1",e2e717bf-551a-4917-bdc9-4fa0f342c530,-1.61443,-80.83918,,,,,,,2015/04/19 00:00:00,"19","4","2015","2481705","2481705",HUMAN_OBSERVATION,CLO,EBIRD,OBS524269439,,,,CC_BY_4_0,,obsr543132,,,2023-01-10T20:30:09.160Z,,CONTINENT_DERIVED_FROM_COORDINATES,,,,./0.png
-78.18661,-0.513947,"76","1790063285",4fa7b334-ce0d-4e88-aaae-2e0c138d049e,URN:catalog:CLO:EBIRD:OBS512212187,Animalia,Chordata,Aves,Charadriiformes,Scolopacidae,Bartramia,Bartramia longicauda,,SPECIES,"Bartramia longicauda (Bechstein, 1812)",Bartramia longicauda,,EC,Reserva Ecológica Antisana--general area (*Please consider using a more precise hotspot or personal location when possible),Napo,PRESENT,"60",e2e717bf-551a-4917-bdc9-4fa0f342c530,-0.513947,-78.18661,,,,,,,2007/09/04 00:00:00,"4","9","2007","2481705","2481705",HUMAN_OBSERVATION,CLO,EBIRD,OBS512212187,,,,CC_BY_4_0,,obsr177921,,,2023-01-10T20:29:58.336Z,,COORDINATE_ROUNDED,CONTINENT_DERIVED_FROM_COORDINATES,,,./0.png
-75.20358,-0.969626,"77","1761191963",4fa7b334-ce0d-4e88-aaae-2e0c138d049e,URN:catalog:CLO:EBIRD:OBS429647763,Animalia,Chordata,Aves,Charadriiformes,Scolopacidae,Bartramia,Bartramia longicauda,,SPECIES,"Bartramia longicauda (Bechstein, 1812)",Bartramia longicauda,,EC,"River islands between Tiputini, Nuevo Rocafuerte and Ballesteros",Orellana,PRESENT,"6",e2e717bf-551a-4917-bdc9-4fa0f342c530,-0.969626,-75.20358,,,,,,,2016/09/01 00:00:00,"1","9","2016","2481705","2481705",HUMAN_OBSERVATION,CLO,EBIRD,OBS429647763,,,,CC_BY_4_0,,obsr546560,,,2023-01-10T20:42:08.561Z,,COORDINATE_ROUNDED,CONTINENT_DERIVED_FROM_COORDINATES,,,./0.png
-78.36495,-0.109842,"78","1761159397",4fa7b334-ce0d-4e88-aaae-2e0c138d049e,URN:catalog:CLO:EBIRD:OBS429662935,Animalia,Chordata,Aves,Charadriiformes,Scolopacidae,Bartramia,Bartramia longicauda,,SPECIES,"Bartramia longicauda (Bechstein, 1812)",Bartramia longicauda,,EC,Quito airport pond,Pichincha,PRESENT,"1",e2e717bf-551a-4917-bdc9-4fa0f342c530,-0.109842,-78.36495,,,,,,,2016/09/07 00:00:00,"7","9","2016","2481705","2481705",HUMAN_OBSERVATION,CLO,EBIRD,OBS429662935,,,,CC_BY_4_0,,obsr546560,,,2023-01-10T19:57:33.948Z,,COORDINATE_ROUNDED,CONTINENT_DERIVED_FROM_COORDINATES,,,./0.png
-78.483612,-0.185278,"79","1699071798",bb5b30b4-827e-4d5e-a86a-825d65cb6583,pbdb:occ:1186268,Animalia,Chordata,Aves,Charadriiformes,Scolopacidae,Bartramia,Bartramia longicauda,,SPECIES,"Bartramia longicauda (Bechstein, 1812)",Bartramia longicauda (Bechstein 1812),(Bechstein 1812),EC,,,PRESENT,,b711353c-44d7-4e8b-90c5-16fea0d247e0,-0.185278,-78.483612,,0.0002778,,,,,,,,,"2481705","2481705",FOSSIL_SPECIMEN,PBDB,"152599",,,,,CC_BY_NC_4_0,,Campbell,,,2023-01-11T12:25:10.214Z,,INSTITUTION_MATCH_NONE,,,,./0.png
-78.18661,-0.513947,"80","1410976993",4fa7b334-ce0d-4e88-aaae-2e0c138d049e,URN:catalog:CLO:EBIRD:OBS403843759,Animalia,Chordata,Aves,Charadriiformes,Scolopacidae,Bartramia,Bartramia longicauda,,SPECIES,"Bartramia longicauda (Bechstein, 1812)",Bartramia longicauda,,EC,Reserva Ecológica Antisana--general area (*Please consider using a more precise hotspot or personal location when possible),Napo,PRESENT,,e2e717bf-551a-4917-bdc9-4fa0f342c530,-0.513947,-78.18661,,,,,,,2007/09/04 00:00:00,"4","9","2007","2481705","2481705",HUMAN_OBSERVATION,CLO,EBIRD,OBS403843759,,,,CC_BY_4_0,,obsr2808,,,2023-01-10T20:30:58.016Z,,COORDINATE_ROUNDED,CONTINENT_DERIVED_FROM_COORDINATES,,,./0.png
-77.81144,-0.967701,"81","1401971894",4fa7b334-ce0d-4e88-aaae-2e0c138d049e,URN:catalog:CLO:EBIRD:OBS359155264,Animalia,Chordata,Aves,Charadriiformes,Scolopacidae,Bartramia,Bartramia longicauda,,SPECIES,"Bartramia longicauda (Bechstein, 1812)",Bartramia longicauda,,EC,roadside near agencia de transito,Napo,PRESENT,"1",e2e717bf-551a-4917-bdc9-4fa0f342c530,-0.967701,-77.81144,,,,,,,2015/10/07 00:00:00,"7","10","2015","2481705","2481705",HUMAN_OBSERVATION,CLO,EBIRD,OBS359155264,,,,CC_BY_4_0,,obsr395059,,,2023-01-10T20:28:36.341Z,,COORDINATE_ROUNDED,CONTINENT_DERIVED_FROM_COORDINATES,,,./0.png
-79.05233,1.202,"82","1393198696",4fa7b334-ce0d-4e88-aaae-2e0c138d049e,URN:catalog:CLO:EBIRD:OBS349040034,Animalia,Chordata,Aves,Charadriiformes,Scolopacidae,Bartramia,Bartramia longicauda,,SPECIES,"Bartramia longicauda (Bechstein, 1812)",Bartramia longicauda,,EC,Camaronera Puro Congo,Esmeraldas,PRESENT,"1",e2e717bf-551a-4917-bdc9-4fa0f342c530,1.202,-79.05233,,,,,,,2015/10/16 00:00:00,"16","10","2015","2481705","2481705",HUMAN_OBSERVATION,CLO,EBIRD,OBS349040034,,,,CC_BY_4_0,,obsr546560,,,2023-01-10T20:28:35.496Z,,CONTINENT_DERIVED_FROM_COORDINATES,,,,./0.png
-78.755394,-1.738496,"83","1388466760",4fa7b334-ce0d-4e88-aaae-2e0c138d049e,URN:catalog:CLO:EBIRD:OBS343866134,Animalia,Chordata,Aves,Charadriiformes,Scolopacidae,Bartramia,Bartramia longicauda,,SPECIES,"Bartramia longicauda (Bechstein, 1812)",Bartramia longicauda,,EC,Laguna de Colta,Chimborazo,PRESENT,"3",e2e717bf-551a-4917-bdc9-4fa0f342c530,-1.738496,-78.755394,,,,,,,2015/09/22 00:00:00,"22","9","2015","2481705","2481705",HUMAN_OBSERVATION,CLO,EBIRD,OBS343866134,,,,CC_BY_4_0,,obsr528710,,,2023-01-10T20:28:28.447Z,,COORDINATE_ROUNDED,CONTINENT_DERIVED_FROM_COORDINATES,,,./0.png
-76.990234,-0.446814,"84","1388059976",4fa7b334-ce0d-4e88-aaae-2e0c138d049e,URN:catalog:CLO:EBIRD:OBS343282284,Animalia,Chordata,Aves,Charadriiformes,Scolopacidae,Bartramia,Bartramia longicauda,,SPECIES,"Bartramia longicauda (Bechstein, 1812)",Bartramia longicauda,,EC,Coca airport (former) marsh,Orellana,PRESENT,"5",e2e717bf-551a-4917-bdc9-4fa0f342c530,-0.446814,-76.990234,,,,,,,2003/04/17 00:00:00,"17","4","2003","2481705","2481705",HUMAN_OBSERVATION,CLO,EBIRD,OBS343282284,,,,CC_BY_4_0,,obsr162833,,,2023-01-10T20:28:42.867Z,,COORDINATE_ROUNDED,CONTINENT_DERIVED_FROM_COORDINATES,,,./0.png
-78.31298,-0.445767,"85","1384330049",4fa7b334-ce0d-4e88-aaae-2e0c138d049e,URN:catalog:CLO:EBIRD:OBS339309943,Animalia,Chordata,Aves,Charadriiformes,Scolopacidae,Bartramia,Bartramia longicauda,,SPECIES,"Bartramia longicauda (Bechstein, 1812)",Bartramia longicauda,,EC,Reserva Antisanilla--Refugio,Pichincha,PRESENT,"1",e2e717bf-551a-4917-bdc9-4fa0f342c530,-0.445767,-78.31298,,,,,,,2014/10/07 00:00:00,"7","10","2014","2481705","2481705",HUMAN_OBSERVATION,CLO,EBIRD,OBS339309943,,,,CC_BY_4_0,,obsr162833,,,2023-01-10T20:31:02.178Z,,CONTINENT_DERIVED_FROM_COORDINATES,,,,./0.png
-76.62,-0.4,"86","1274979657",84829fe4-f762-11e1-a439-00145eb45e9a,urn:catalog:LSUMZ:Birds:82810,Animalia,Chordata,Aves,Charadriiformes,Scolopacidae,Bartramia,Bartramia longicauda,,SPECIES,"Bartramia longicauda (Bechstein, 1812)",Bartramia longicauda,,EC,Limoncocha,Napo,PRESENT,,c361e830-181e-11da-9544-b8a03c50a862,-0.4,-76.62,,,,,,,1975/10/07 00:00:00,"7","10","1975","2481705","2481705",PRESERVED_SPECIMEN,LSUMZ,Birds,"82810",,,,CC0_1_0,,Dan A. Tallman,,,2023-01-11T09:17:07.885Z,,GEODETIC_DATUM_INVALID,GEODETIC_DATUM_ASSUMED_WGS84,COLLECTION_MATCH_FUZZY,,./0.png
-76.61703,-0.395561,"87","1207410138",4fa7b334-ce0d-4e88-aaae-2e0c138d049e,URN:catalog:CLO:EBIRD:OBS267318425,Animalia,Chordata,Aves,Charadriiformes,Scolopacidae,Bartramia,Bartramia longicauda,,SPECIES,"Bartramia longicauda (Bechstein, 1812)",Bartramia longicauda,,EC,Reserva Biológica Limoncocha,Sucumbíos,PRESENT,"1",e2e717bf-551a-4917-bdc9-4fa0f342c530,-0.395561,-76.61703,,,,,,,1975/10/07 00:00:00,"7","10","1975","2481705","2481705",HUMAN_OBSERVATION,CLO,EBIRD,OBS267318425,,,,CC_BY_4_0,,obsr7046,,,2023-01-10T20:29:49.295Z,,COORDINATE_ROUNDED,CONTINENT_DERIVED_FROM_COORDINATES,,,./0.png
-78.20118,-0.332601,"88","1204951262",4fa7b334-ce0d-4e88-aaae-2e0c138d049e,URN:catalog:CLO:EBIRD:OBS308093057,Animalia,Chordata,Aves,Charadriiformes,Scolopacidae,Bartramia,Bartramia longicauda,,SPECIES,"Bartramia longicauda (Bechstein, 1812)",Bartramia longicauda,,EC,Papallacta--La Virgen y alrededores inmediatos (Pass and immediate vicinity),Napo,PRESENT,"1",e2e717bf-551a-4917-bdc9-4fa0f342c530,-0.332601,-78.20118,,,,,,,2009/09/10 00:00:00,"10","9","2009","2481705","2481705",HUMAN_OBSERVATION,CLO,EBIRD,OBS308093057,,,,CC_BY_4_0,,obsr340093,,,2023-01-10T20:28:42.939Z,,COORDINATE_ROUNDED,CONTINENT_DERIVED_FROM_COORDINATES,,,./0.png
-79.17375,-4.116708,"89","1202696087",4fa7b334-ce0d-4e88-aaae-2e0c138d049e,URN:catalog:CLO:EBIRD:OBS293565425,Animalia,Chordata,Aves,Charadriiformes,Scolopacidae,Bartramia,Bartramia longicauda,,SPECIES,"Bartramia longicauda (Bechstein, 1812)",Bartramia longicauda,,EC,PN Podocarpus--Cajanuma,Loja,PRESENT,"1",e2e717bf-551a-4917-bdc9-4fa0f342c530,-4.116708,-79.17375,,,,,,,2009/09/24 00:00:00,"24","9","2009","2481705","2481705",HUMAN_OBSERVATION,CLO,EBIRD,OBS293565425,,,,CC_BY_4_0,,obsr163746,,,2023-01-10T20:27:51.962Z,,CONTINENT_DERIVED_FROM_COORDINATES,,,,./0.png
-78.472565,-0.155401,"90","1194449131",4fa7b334-ce0d-4e88-aaae-2e0c138d049e,URN:catalog:CLO:EBIRD:OBS279203194,Animalia,Chordata,Aves,Charadriiformes,Scolopacidae,Bartramia,Bartramia longicauda,,SPECIES,"Bartramia longicauda (Bechstein, 1812)",Bartramia longicauda,,EC,Casa Anfitriona,Pichincha,PRESENT,"1",e2e717bf-551a-4917-bdc9-4fa0f342c530,-0.155401,-78.472565,,,,,,,2014/11/03 00:00:00,"3","11","2014","2481705","2481705",HUMAN_OBSERVATION,CLO,EBIRD,OBS279203194,,,,CC_BY_4_0,,obsr235779,,,2023-01-10T20:30:50.032Z,,COORDINATE_ROUNDED,CONTINENT_DERIVED_FROM_COORDINATES,,,./0.png
-78.31298,-0.445767,"91","1193488428",4fa7b334-ce0d-4e88-aaae-2e0c138d049e,URN:catalog:CLO:EBIRD:OBS278297951,Animalia,Chordata,Aves,Charadriiformes,Scolopacidae,Bartramia,Bartramia longicauda,,SPECIES,"Bartramia longicauda (Bechstein, 1812)",Bartramia longicauda,,EC,Reserva Antisanilla--Refugio,Pichincha,PRESENT,"1",e2e717bf-551a-4917-bdc9-4fa0f342c530,-0.445767,-78.31298,,,,,,,2014/10/07 00:00:00,"7","10","2014","2481705","2481705",HUMAN_OBSERVATION,CLO,EBIRD,OBS278297951,,,,CC_BY_4_0,,obsr543132,,,2023-01-10T19:53:27.368Z,,CONTINENT_DERIVED_FROM_COORDINATES,,,,./0.png
-78.61154,0.118575,"92","1191926342",4fa7b334-ce0d-4e88-aaae-2e0c138d049e,URN:catalog:CLO:EBIRD:OBS276585160,Animalia,Chordata,Aves,Charadriiformes,Scolopacidae,Bartramia,Bartramia longicauda,,SPECIES,"Bartramia longicauda (Bechstein, 1812)",Bartramia longicauda,,EC,Santa Lucia Lodge,Pichincha,PRESENT,,e2e717bf-551a-4917-bdc9-4fa0f342c530,0.118575,-78.61154,,,,,,,2014/10/07 00:00:00,"7","10","2014","2481705","2481705",HUMAN_OBSERVATION,CLO,EBIRD,OBS276585160,,,,CC_BY_4_0,,obsr417331,,,2023-01-10T20:27:31.197Z,,CONTINENT_DERIVED_FROM_COORDINATES,,,,./0.png
-78.878,-1.528,"93","1190948269",4fa7b334-ce0d-4e88-aaae-2e0c138d049e,URN:catalog:CLO:EBIRD:OBS275388267,Animalia,Chordata,Aves,Charadriiformes,Scolopacidae,Bartramia,Bartramia longicauda,,SPECIES,"Bartramia longicauda (Bechstein, 1812)",Bartramia longicauda,,EC,"Ladera oeste del Cerro Achu, al suroeste del Volcán Chimborazo (parroquia: Guaranda)",Bolívar,PRESENT,"1",e2e717bf-551a-4917-bdc9-4fa0f342c530,-1.528,-78.878,,,,,,,2008/09/25 00:00:00,"25","9","2008","2481705","2481705",HUMAN_OBSERVATION,CLO,EBIRD,OBS275388267,,,,CC_BY_4_0,,obsr104762,,,2023-01-10T20:27:42.548Z,,CONTINENT_DERIVED_FROM_COORDINATES,,,,./0.png
-78.31298,-0.445767,"94","1190714051",4fa7b334-ce0d-4e88-aaae-2e0c138d049e,URN:catalog:CLO:EBIRD:OBS275178114,Animalia,Chordata,Aves,Charadriiformes,Scolopacidae,Bartramia,Bartramia longicauda,,SPECIES,"Bartramia longicauda (Bechstein, 1812)",Bartramia longicauda,,EC,Reserva Antisanilla--Refugio,Pichincha,PRESENT,"1",e2e717bf-551a-4917-bdc9-4fa0f342c530,-0.445767,-78.31298,,,,,,,2014/10/07 00:00:00,"7","10","2014","2481705","2481705",HUMAN_OBSERVATION,CLO,EBIRD,OBS275178114,,,,CC_BY_4_0,,obsr24607,,,2023-01-10T19:53:23.150Z,,CONTINENT_DERIVED_FROM_COORDINATES,,,,./0.png
-78.9,-1.51,"95","1190700217",4fa7b334-ce0d-4e88-aaae-2e0c138d049e,URN:catalog:CLO:EBIRD:OBS275370311,Animalia,Chordata,Aves,Charadriiformes,Scolopacidae,Bartramia,Bartramia longicauda,,SPECIES,"Bartramia longicauda (Bechstein, 1812)",Bartramia longicauda,,EC,"Cerro Paparumi, al oeste-suroeste del Volcán Chimborazo (parroquia: Guaranda)",Bolívar,PRESENT,"2",e2e717bf-551a-4917-bdc9-4fa0f342c530,-1.51,-78.9,,,,,,,2008/09/24 00:00:00,"24","9","2008","2481705","2481705",HUMAN_OBSERVATION,CLO,EBIRD,OBS275370311,,,,CC_BY_4_0,,obsr104762,,,2023-01-10T20:30:34.490Z,,CONTINENT_DERIVED_FROM_COORDINATES,,,,./0.png
-79.76486,-2.225545,"96","1176428021",4fa7b334-ce0d-4e88-aaae-2e0c138d049e,URN:catalog:CLO:EBIRD:OBS259324236,Animalia,Chordata,Aves,Charadriiformes,Scolopacidae,Bartramia,Bartramia longicauda,,SPECIES,"Bartramia longicauda (Bechstein, 1812)",Bartramia longicauda,,EC,"Duran, just east of",Guayas,PRESENT,"3",e2e717bf-551a-4917-bdc9-4fa0f342c530,-2.225545,-79.76486,,,,,,,2011/04/04 00:00:00,"4","4","2011","2481705","2481705",HUMAN_OBSERVATION,CLO,EBIRD,OBS259324236,,,,CC_BY_4_0,,obsr162833,,,2023-01-10T20:27:22.601Z,,CONTINENT_DERIVED_FROM_COORDINATES,,,,./0.png
-77.838135,-0.622947,"97","1149064307",4fa7b334-ce0d-4e88-aaae-2e0c138d049e,URN:catalog:CLO:EBIRD:OBS220475904,Animalia,Chordata,Aves,Charadriiformes,Scolopacidae,Bartramia,Bartramia longicauda,,SPECIES,"Bartramia longicauda (Bechstein, 1812)",Bartramia longicauda,,EC,Cordillera Guacamayos--Road and Pass,Napo,PRESENT,"1",e2e717bf-551a-4917-bdc9-4fa0f342c530,-0.622947,-77.838135,,,,,,,2010/09/09 00:00:00,"9","9","2010","2481705","2481705",HUMAN_OBSERVATION,CLO,EBIRD,OBS220475904,,,,CC_BY_4_0,,obsr395059,,,2023-01-10T20:51:29.641Z,,COORDINATE_ROUNDED,CONTINENT_DERIVED_FROM_COORDINATES,,,./0.png
-77.838135,-0.622947,"98","1149060158",4fa7b334-ce0d-4e88-aaae-2e0c138d049e,URN:catalog:CLO:EBIRD:OBS218531269,Animalia,Chordata,Aves,Charadriiformes,Scolopacidae,Bartramia,Bartramia longicauda,,SPECIES,"Bartramia longicauda (Bechstein, 1812)",Bartramia longicauda,,EC,Cordillera Guacamayos--Road and Pass,Napo,PRESENT,"1",e2e717bf-551a-4917-bdc9-4fa0f342c530,-0.622947,-77.838135,,,,,,,2010/09/09 00:00:00,"9","9","2010","2481705","2481705",HUMAN_OBSERVATION,CLO,EBIRD,OBS218531269,,,,CC_BY_4_0,,obsr194141,,,2023-01-10T20:50:48.135Z,,COORDINATE_ROUNDED,CONTINENT_DERIVED_FROM_COORDINATES,,,./0.png
